ID,answer
TEST_000,-
TEST_001,-
TEST_002,-
TEST_003,-
TEST_004,-
TEST_005,-
TEST_006,-
TEST_007,-
TEST_008,-
TEST_009,-
TEST_010,-
TEST_011,-
TEST_012,-
TEST_013,-
TEST_014,-
TEST_015,-
TEST_016,-
TEST_017,-
TEST_018,-
TEST_019,-
TEST_020,-
TEST_021,-
TEST_022,-
TEST_023,-
TEST_024,-
TEST_025,-
TEST_026,-
TEST_027,-
TEST_028,-
TEST_029,-
TEST_030,-
TEST_031,-
TEST_032,-
TEST_033,-
TEST_034,-
TEST_035,-
TEST_036,-
TEST_037,-
TEST_038,-
TEST_039,-
TEST_040,-
TEST_041,-
TEST_042,-
TEST_043,-
TEST_044,-
TEST_045,-
TEST_046,-
TEST_047,-
TEST_048,-
TEST_049,-
TEST_050,-
TEST_051,-
TEST_052,-
TEST_053,-
TEST_054,-
TEST_055,-
TEST_056,-
TEST_057,-
TEST_058,-
TEST_059,-
TEST_060,-
TEST_061,-
TEST_062,-
TEST_063,-
TEST_064,-
TEST_065,-
TEST_066,-
TEST_067,-
TEST_068,-
TEST_069,-
TEST_070,-
TEST_071,-
TEST_072,-
TEST_073,-
TEST_074,-
TEST_075,-
TEST_076,-
TEST_077,-
TEST_078,-
TEST_079,-
TEST_080,-
TEST_081,-
TEST_082,-
TEST_083,-
TEST_084,-
TEST_085,-
TEST_086,-
TEST_087,-
TEST_088,-
TEST_089,-
TEST_090,-
TEST_091,-
TEST_092,-
TEST_093,-
TEST_094,-
TEST_095,-
TEST_096,-
TEST_097,-
TEST_098,-
TEST_099,-
TEST_100,-
TEST_101,-
TEST_102,-
TEST_103,-
TEST_104,-
TEST_105,-
TEST_106,-
TEST_107,-
TEST_108,-
TEST_109,-
TEST_110,-
TEST_111,-
TEST_112,-
TEST_113,-
TEST_114,-
TEST_115,-
TEST_116,-
TEST_117,-
TEST_118,-
TEST_119,-
TEST_120,-
TEST_121,-
TEST_122,-
TEST_123,-
TEST_124,-
TEST_125,-
TEST_126,-
TEST_127,-
TEST_128,-
TEST_129,-
TEST_130,-
TEST_131,-
TEST_132,-
TEST_133,-
TEST_134,-
TEST_135,-
TEST_136,-
TEST_137,-
TEST_138,-
TEST_139,-
TEST_140,-
TEST_141,-
TEST_142,-
TEST_143,-
TEST_144,-
TEST_145,-
TEST_146,-
TEST_147,-
TEST_148,-
TEST_149,-
TEST_150,-
TEST_151,-
TEST_152,-
TEST_153,-
TEST_154,-
TEST_155,-
TEST_156,-
TEST_157,-
TEST_158,-
TEST_159,-
TEST_160,-
TEST_161,-
TEST_162,-
TEST_163,-
TEST_164,-
TEST_165,-
TEST_166,-
TEST_167,-
TEST_168,-
TEST_169,-
TEST_170,-
TEST_171,-
TEST_172,-
TEST_173,-
TEST_174,-
TEST_175,-
TEST_176,-
TEST_177,-
TEST_178,-
TEST_179,-
TEST_180,-
TEST_181,-
TEST_182,-
TEST_183,-
TEST_184,-
TEST_185,-
TEST_186,-
TEST_187,-
TEST_188,-
TEST_189,-
TEST_190,-
TEST_191,-
TEST_192,-
TEST_193,-
TEST_194,-
TEST_195,-
TEST_196,-
TEST_197,-
TEST_198,-
TEST_199,-
TEST_200,-
TEST_201,-
TEST_202,-
TEST_203,-
TEST_204,-
TEST_205,-
TEST_206,-
TEST_207,-
TEST_208,-
TEST_209,-
TEST_210,-
TEST_211,-
TEST_212,-
TEST_213,-
TEST_214,-
TEST_215,-
TEST_216,-
TEST_217,-
TEST_218,-
TEST_219,-
TEST_220,-
TEST_221,-
TEST_222,-
TEST_223,-
TEST_224,-
TEST_225,-
TEST_226,-
TEST_227,-
TEST_228,-
TEST_229,-
TEST_230,-
TEST_231,-
TEST_232,-
TEST_233,-
TEST_234,-
TEST_235,-
TEST_236,-
TEST_237,-
TEST_238,-
TEST_239,-
TEST_240,-
TEST_241,-
TEST_242,-
TEST_243,-
TEST_244,-
TEST_245,-
TEST_246,-
TEST_247,-
TEST_248,-
TEST_249,-
TEST_250,-
TEST_251,-
TEST_252,-
TEST_253,-
TEST_254,-
TEST_255,-
TEST_256,-
TEST_257,-
TEST_258,-
TEST_259,-
TEST_260,-
TEST_261,-
TEST_262,-
TEST_263,-
TEST_264,-
TEST_265,-
TEST_266,-
TEST_267,-
TEST_268,-
TEST_269,-
TEST_270,-
TEST_271,-
TEST_272,-
TEST_273,-
TEST_274,-
TEST_275,-
TEST_276,-
TEST_277,-
TEST_278,-
TEST_279,-
TEST_280,-
TEST_281,-
TEST_282,-
TEST_283,-
TEST_284,-
TEST_285,-
TEST_286,-
TEST_287,-
TEST_288,-
TEST_289,-
TEST_290,-
TEST_291,-
TEST_292,-
TEST_293,-
TEST_294,-
TEST_295,-
TEST_296,-
TEST_297,-
TEST_298,-
TEST_299,-
TEST_300,-
TEST_301,-
TEST_302,-
TEST_303,-
TEST_304,-
TEST_305,-
TEST_306,-
TEST_307,-
TEST_308,-
TEST_309,-
TEST_310,-
TEST_311,-
TEST_312,-
TEST_313,-
TEST_314,-
TEST_315,-
TEST_316,-
TEST_317,-
TEST_318,-
TEST_319,-
TEST_320,-
TEST_321,-
TEST_322,-
TEST_323,-
TEST_324,-
TEST_325,-
TEST_326,-
TEST_327,-
TEST_328,-
TEST_329,-
TEST_330,-
TEST_331,-
TEST_332,-
TEST_333,-
TEST_334,-
TEST_335,-
TEST_336,-
TEST_337,-
TEST_338,-
TEST_339,-
TEST_340,-
TEST_341,-
TEST_342,-
TEST_343,-
TEST_344,-
TEST_345,-
TEST_346,-
TEST_347,-
TEST_348,-
TEST_349,-
TEST_350,-
TEST_351,-
TEST_352,-
TEST_353,-
TEST_354,-
TEST_355,-
TEST_356,-
TEST_357,-
TEST_358,-
TEST_359,-
TEST_360,-
TEST_361,-
TEST_362,-
TEST_363,-
TEST_364,-
TEST_365,-
TEST_366,-
TEST_367,-
TEST_368,-
TEST_369,-
TEST_370,-
TEST_371,-
TEST_372,-
TEST_373,-
TEST_374,-
TEST_375,-
TEST_376,-
TEST_377,-
TEST_378,-
TEST_379,-
TEST_380,-
TEST_381,-
TEST_382,-
TEST_383,-
TEST_384,-
TEST_385,-
TEST_386,-
TEST_387,-
TEST_388,-
TEST_389,-
TEST_390,-
TEST_391,-
TEST_392,-
TEST_393,-
TEST_394,-
TEST_395,-
TEST_396,-
TEST_397,-
TEST_398,-
TEST_399,-
TEST_400,-
TEST_401,-
TEST_402,-
TEST_403,-
TEST_404,-
TEST_405,-
TEST_406,-
TEST_407,-
TEST_408,-
TEST_409,-
TEST_410,-
TEST_411,-
TEST_412,-
TEST_413,-
TEST_414,-
TEST_415,-
TEST_416,-
TEST_417,-
TEST_418,-
TEST_419,-
TEST_420,-
TEST_421,-
TEST_422,-
TEST_423,-
TEST_424,-
TEST_425,-
TEST_426,-
TEST_427,-
TEST_428,-
TEST_429,-
TEST_430,-
TEST_431,-
TEST_432,-
TEST_433,-
TEST_434,-
TEST_435,-
TEST_436,-
TEST_437,-
TEST_438,-
TEST_439,-
TEST_440,-
TEST_441,-
TEST_442,-
TEST_443,-
TEST_444,-
TEST_445,-
TEST_446,-
TEST_447,-
TEST_448,-
TEST_449,-
TEST_450,-
TEST_451,-
TEST_452,-
TEST_453,-
TEST_454,-
TEST_455,-
TEST_456,-
TEST_457,-
TEST_458,-
TEST_459,-
TEST_460,-
TEST_461,-
TEST_462,-
TEST_463,-
TEST_464,-
TEST_465,-
TEST_466,-
TEST_467,-
TEST_468,-
TEST_469,-
TEST_470,-
TEST_471,-
TEST_472,-
TEST_473,-
TEST_474,-
TEST_475,-
TEST_476,-
TEST_477,-
TEST_478,-
TEST_479,-
TEST_480,-
TEST_481,-
TEST_482,-
TEST_483,-
TEST_484,-
TEST_485,-
TEST_486,-
TEST_487,-
TEST_488,-
TEST_489,-
TEST_490,-
TEST_491,-
TEST_492,-
TEST_493,-
TEST_494,-
TEST_495,-
TEST_496,-
TEST_497,-
TEST_498,-
TEST_499,-
TEST_500,-
TEST_501,-
TEST_502,-
TEST_503,-
TEST_504,-
TEST_505,-
TEST_506,-
TEST_507,-
TEST_508,-
TEST_509,-
TEST_510,-
TEST_511,-
TEST_512,-
TEST_513,-
TEST_514,-
TEST_515,-
TEST_516,-
TEST_517,-
TEST_518,-
TEST_519,-
TEST_520,-
TEST_521,-
TEST_522,-
TEST_523,-
TEST_524,-
TEST_525,-
TEST_526,-
TEST_527,-
TEST_528,-
TEST_529,-
TEST_530,-
TEST_531,-
TEST_532,-
TEST_533,-
TEST_534,-
TEST_535,-
TEST_536,-
TEST_537,-
TEST_538,-
TEST_539,-
TEST_540,-
TEST_541,-
TEST_542,-
TEST_543,-
TEST_544,-
TEST_545,-
TEST_546,-
TEST_547,-
TEST_548,-
TEST_549,-
TEST_550,-
TEST_551,-
TEST_552,-
TEST_553,-
TEST_554,-
TEST_555,-
TEST_556,-
TEST_557,-
TEST_558,-
TEST_559,-
TEST_560,-
TEST_561,-
TEST_562,-
TEST_563,-
TEST_564,-
TEST_565,-
TEST_566,-
TEST_567,-
TEST_568,-
TEST_569,-
TEST_570,-
TEST_571,-
TEST_572,-
TEST_573,-
TEST_574,-
TEST_575,-
TEST_576,-
TEST_577,-
TEST_578,-
TEST_579,-
TEST_580,-
TEST_581,-
TEST_582,-
TEST_583,-
TEST_584,-
TEST_585,-
TEST_586,-
TEST_587,-
TEST_588,-
TEST_589,-
TEST_590,-
TEST_591,-
TEST_592,-
TEST_593,-
TEST_594,-
TEST_595,-
TEST_596,-
TEST_597,-
TEST_598,-
TEST_599,-
TEST_600,-
TEST_601,-
TEST_602,-
TEST_603,-
TEST_604,-
TEST_605,-
TEST_606,-
TEST_607,-
TEST_608,-
TEST_609,-
TEST_610,-
TEST_611,-
TEST_612,-
TEST_613,-
TEST_614,-
TEST_615,-
TEST_616,-
TEST_617,-
TEST_618,-
TEST_619,-
TEST_620,-
TEST_621,-
TEST_622,-
TEST_623,-
TEST_624,-
TEST_625,-
TEST_626,-
TEST_627,-
TEST_628,-
TEST_629,-
TEST_630,-
TEST_631,-
TEST_632,-
TEST_633,-
TEST_634,-
TEST_635,-
TEST_636,-
TEST_637,-
TEST_638,-
TEST_639,-
TEST_640,-
TEST_641,-
TEST_642,-
TEST_643,-
TEST_644,-
TEST_645,-
TEST_646,-
TEST_647,-
TEST_648,-
TEST_649,-
TEST_650,-
TEST_651,-
TEST_652,-
TEST_653,-
TEST_654,-
TEST_655,-
TEST_656,-
TEST_657,-
TEST_658,-
TEST_659,-
TEST_660,-
TEST_661,-
TEST_662,-
TEST_663,-
TEST_664,-
TEST_665,-
TEST_666,-
TEST_667,-
TEST_668,-
TEST_669,-
TEST_670,-
TEST_671,-
TEST_672,-
TEST_673,-
TEST_674,-
TEST_675,-
TEST_676,-
TEST_677,-
TEST_678,-
TEST_679,-
TEST_680,-
TEST_681,-
TEST_682,-
TEST_683,-
TEST_684,-
TEST_685,-
TEST_686,-
TEST_687,-
TEST_688,-
TEST_689,-
TEST_690,-
TEST_691,-
TEST_692,-
TEST_693,-
TEST_694,-
TEST_695,-
TEST_696,-
TEST_697,-
TEST_698,-
TEST_699,-
TEST_700,-
TEST_701,-
TEST_702,-
TEST_703,-
TEST_704,-
TEST_705,-
TEST_706,-
TEST_707,-
TEST_708,-
TEST_709,-
TEST_710,-
TEST_711,-
TEST_712,-
TEST_713,-
TEST_714,-
TEST_715,-
TEST_716,-
TEST_717,-
TEST_718,-
TEST_719,-
TEST_720,-
TEST_721,-
TEST_722,-
TEST_723,-
TEST_724,-
TEST_725,-
TEST_726,-
TEST_727,-
TEST_728,-
TEST_729,-
TEST_730,-
TEST_731,-
TEST_732,-
TEST_733,-
TEST_734,-
TEST_735,-
TEST_736,-
TEST_737,-
TEST_738,-
TEST_739,-
TEST_740,-
TEST_741,-
TEST_742,-
TEST_743,-
TEST_744,-
TEST_745,-
TEST_746,-
TEST_747,-
TEST_748,-
TEST_749,-
TEST_750,-
TEST_751,-
TEST_752,-
TEST_753,-
TEST_754,-
TEST_755,-
TEST_756,-
TEST_757,-
TEST_758,-
TEST_759,-
TEST_760,-
TEST_761,-
TEST_762,-
TEST_763,-
TEST_764,-
TEST_765,-
TEST_766,-
TEST_767,-
TEST_768,-
TEST_769,-
TEST_770,-
TEST_771,-
TEST_772,-
TEST_773,-
TEST_774,-
TEST_775,-
TEST_776,-
TEST_777,-
TEST_778,-
TEST_779,-
TEST_780,-
TEST_781,-
TEST_782,-
TEST_783,-
TEST_784,-
TEST_785,-
TEST_786,-
TEST_787,-
TEST_788,-
TEST_789,-
TEST_790,-
TEST_791,-
TEST_792,-
TEST_793,-
TEST_794,-
TEST_795,-
TEST_796,-
TEST_797,-
TEST_798,-
TEST_799,-
TEST_800,-
TEST_801,-
TEST_802,-
TEST_803,-
TEST_804,-
TEST_805,-
TEST_806,-
TEST_807,-
TEST_808,-
TEST_809,-
TEST_810,-
TEST_811,-
TEST_812,-
TEST_813,-
TEST_814,-
TEST_815,-
TEST_816,-
TEST_817,-
TEST_818,-
TEST_819,-
TEST_820,-
TEST_821,-
TEST_822,-
TEST_823,-
TEST_824,-
TEST_825,-
TEST_826,-
TEST_827,-
TEST_828,-
TEST_829,-
TEST_830,-
TEST_831,-
TEST_832,-
TEST_833,-
TEST_834,-
TEST_835,-
TEST_836,-
TEST_837,-
TEST_838,-
TEST_839,-
TEST_840,-
TEST_841,-
TEST_842,-
TEST_843,-
TEST_844,-
TEST_845,-
TEST_846,-
TEST_847,-
TEST_848,-
TEST_849,-
TEST_850,-
TEST_851,-
